library,time
pywget,3.2696449659997597
requests,1.0235648329835385
requests_session,0.41946717898827046
urllib,0.2793455090140924
urllib3,0.2567802520352416
pycurl,0.0569718589540571
pycurl_nossl,0.05943764001131058
faster_than_requests,0.05103905196301639
